Post_ID,Username,Caption,Likes,Comments,Shares,Date_Posted,Hashtags
1,user80,Throwback!,8590,24,978,2025-03-13,#fun
2,user465,Check this out!,831,284,861,2025-03-14,#love
3,user153,Amazing day!,8400,330,279,2025-03-4,#instagood
4,user55,New post!,3761,421,106,2025-03-12,#fashion
5,user12,Love this!,9433,284,23,2025-03-6,#fun
6,user407,New post!,8774,71,283,2025-03-13,#fashion
7,user103,Throwback!,2704,262,1,2025-03-10,#instagood
8,user25,Love this!,877,123,429,2025-03-14,#love
9,user281,Amazing day!,2411,432,495,2025-03-11,#instagood
10,user477,Love this!,9786,1,366,2025-03-7,#fun
11,user83,Amazing day!,2320,38,199,2025-03-14,#photooftheday
12,user97,Check this out!,6960,151,145,2025-03-5,#fun
13,user125,Check this out!,7176,454,184,2025-03-4,#love
14,user367,New post!,708,115,177,2025-03-7,#fashion
15,user180,New post!,6655,486,973,2025-03-14,#photooftheday
16,user83,Love this!,349,268,964,2025-03-5,#fun
17,user494,New post!,8368,67,868,2025-03-6,#instagood
18,user101,New post!,4399,236,923,2025-03-7,#photooftheday
19,user371,New post!,9509,296,68,2025-03-2,#fun
20,user244,Amazing day!,4621,342,529,2025-03-2,#fashion
21,user351,Amazing day!,7998,170,742,2025-03-1,#instagood
22,user193,New post!,340,126,356,2025-03-1,#love
23,user235,Throwback!,5027,191,175,2025-03-6,#photooftheday
24,user2,Amazing day!,9146,400,727,2025-03-10,#love
25,user180,Check this out!,5436,376,387,2025-03-12,#instagood
26,user250,Love this!,6052,320,756,2025-03-7,#fun
27,user416,Throwback!,5745,176,650,2025-03-7,#fashion
28,user173,Love this!,1148,80,340,2025-03-7,#fun
29,user217,New post!,5976,186,626,2025-03-5,#instagood
30,user361,Love this!,6030,309,952,2025-03-9,#instagood
31,user13,Love this!,3545,30,837,2025-03-13,#love
32,user372,New post!,3749,38,43,2025-03-2,#fashion
33,user48,Amazing day!,9372,400,989,2025-03-13,#love
34,user76,Love this!,9983,162,742,2025-03-15,#fashion
35,user201,New post!,9348,269,449,2025-03-2,#fun
36,user291,New post!,1950,343,700,2025-03-6,#love
37,user29,Love this!,6811,451,645,2025-03-1,#fashion
38,user239,New post!,894,206,70,2025-03-9,#fashion
39,user33,Love this!,9048,82,656,2025-03-2,#fashion
40,user246,Throwback!,3405,150,941,2025-03-1,#fun
41,user222,Check this out!,4862,461,359,2025-03-14,#love
42,user303,Check this out!,5041,486,271,2025-03-8,#instagood
43,user207,Love this!,7447,296,420,2025-03-10,#fashion
44,user52,Throwback!,5539,116,72,2025-03-15,#fashion
45,user116,New post!,1813,265,295,2025-03-4,#fun
46,user349,Check this out!,4042,424,798,2025-03-2,#love
47,user29,New post!,8818,119,898,2025-03-9,#photooftheday
48,user43,Check this out!,7332,266,739,2025-03-14,#fun
49,user131,Amazing day!,3599,166,160,2025-03-9,#fashion
50,user477,Love this!,7160,75,353,2025-03-12,#photooftheday
51,user434,Love this!,4963,286,282,2025-03-13,#photooftheday
52,user472,Throwback!,584,168,605,2025-03-8,#fun
53,user232,Love this!,6946,278,664,2025-03-11,#instagood
54,user103,New post!,8777,410,540,2025-03-10,#love
55,user171,Check this out!,8874,422,320,2025-03-15,#love
56,user67,Check this out!,5708,412,262,2025-03-13,#fun
57,user73,New post!,6177,432,53,2025-03-9,#fashion
58,user259,Love this!,4286,267,227,2025-03-12,#fun
59,user89,Amazing day!,5169,409,569,2025-03-8,#love
60,user401,Check this out!,5223,212,789,2025-03-1,#love
61,user334,Check this out!,6127,377,462,2025-03-15,#love
62,user134,Love this!,2096,174,937,2025-03-1,#instagood
63,user431,Throwback!,7731,154,239,2025-03-6,#instagood
64,user60,Check this out!,4825,483,824,2025-03-10,#love
65,user106,Check this out!,7311,440,914,2025-03-14,#fun
66,user377,Amazing day!,5304,58,528,2025-03-12,#fun
67,user209,Amazing day!,2799,106,626,2025-03-6,#fashion
68,user248,Throwback!,7666,310,984,2025-03-15,#instagood
69,user160,Amazing day!,3830,485,544,2025-03-2,#fashion
70,user474,Check this out!,7001,400,394,2025-03-11,#photooftheday
71,user109,Check this out!,4532,127,858,2025-03-4,#photooftheday
72,user386,Check this out!,2837,260,876,2025-03-10,#instagood
73,user200,Love this!,8225,402,115,2025-03-7,#fun
74,user3,Check this out!,702,312,827,2025-03-2,#fun
75,user239,Throwback!,2649,95,320,2025-03-14,#fun
76,user30,Amazing day!,4392,15,629,2025-03-7,#love
77,user112,Amazing day!,5573,109,949,2025-03-9,#fun
78,user174,Love this!,6474,241,919,2025-03-2,#love
79,user302,New post!,8296,210,919,2025-03-10,#fun
80,user277,New post!,1706,409,205,2025-03-13,#love
81,user419,Amazing day!,6483,217,902,2025-03-6,#photooftheday
82,user163,Love this!,5686,377,279,2025-03-15,#love
83,user23,Check this out!,7492,455,356,2025-03-13,#fashion
84,user435,Love this!,5295,390,156,2025-03-9,#fun
85,user451,Throwback!,1379,249,820,2025-03-13,#fashion
86,user312,Amazing day!,5078,307,588,2025-03-15,#fashion
87,user321,Throwback!,5166,25,152,2025-03-6,#photooftheday
88,user197,Amazing day!,4791,274,784,2025-03-9,#fashion
89,user246,Amazing day!,7838,386,313,2025-03-10,#fun
90,user138,Amazing day!,1052,414,260,2025-03-13,#love
91,user442,Love this!,2445,33,33,2025-03-8,#fun
92,user62,Amazing day!,8907,161,707,2025-03-13,#photooftheday
93,user492,Love this!,5158,319,414,2025-03-8,#photooftheday
94,user8,Check this out!,3304,383,808,2025-03-4,#instagood
95,user292,Love this!,3270,288,321,2025-03-10,#photooftheday
96,user389,Throwback!,2830,77,20,2025-03-1,#instagood
97,user119,Love this!,4572,190,444,2025-03-7,#love
98,user42,Check this out!,9161,284,924,2025-03-2,#fashion
99,user209,Amazing day!,5849,392,764,2025-03-8,#instagood
100,user183,New post!,1875,129,392,2025-03-1,#instagood
101,user186,Amazing day!,7949,40,279,2025-03-10,#fashion
102,user99,Check this out!,8794,477,799,2025-03-1,#photooftheday
103,user441,Love this!,5936,467,163,2025-03-15,#love
104,user190,Amazing day!,8106,68,428,2025-03-9,#fashion
105,user52,Check this out!,510,209,379,2025-03-14,#love
106,user331,New post!,463,259,293,2025-03-8,#love
107,user103,New post!,3204,471,518,2025-03-15,#photooftheday
108,user395,Love this!,1920,69,466,2025-03-6,#photooftheday
109,user229,Love this!,4759,44,710,2025-03-3,#love
110,user3,New post!,3222,270,952,2025-03-9,#fashion
111,user156,New post!,9231,118,132,2025-03-7,#fashion
112,user409,Throwback!,7013,33,938,2025-03-6,#instagood
113,user325,New post!,5226,337,673,2025-03-14,#photooftheday
114,user190,Love this!,8487,187,262,2025-03-10,#fun
115,user420,New post!,9486,178,538,2025-03-7,#fashion
116,user242,Throwback!,3884,419,884,2025-03-13,#fun
117,user328,Throwback!,2474,75,464,2025-03-14,#fashion
118,user148,Check this out!,8019,224,714,2025-03-10,#fashion
119,user274,New post!,4539,297,118,2025-03-6,#photooftheday
120,user41,New post!,8874,263,742,2025-03-10,#instagood
121,user132,Amazing day!,2175,154,539,2025-03-2,#love
122,user468,Love this!,9626,99,232,2025-03-6,#photooftheday
123,user195,Love this!,7086,255,689,2025-03-2,#fashion
124,user198,New post!,9829,169,486,2025-03-14,#fun
125,user45,New post!,4092,393,708,2025-03-4,#instagood
126,user253,New post!,9116,141,626,2025-03-12,#fashion
127,user367,Check this out!,5902,47,744,2025-03-9,#love
128,user92,Check this out!,5749,257,445,2025-03-14,#instagood
129,user497,Throwback!,3860,190,218,2025-03-7,#photooftheday
130,user119,Check this out!,442,161,260,2025-03-2,#love
131,user159,Amazing day!,1233,54,428,2025-03-7,#fun
132,user135,Check this out!,9115,151,540,2025-03-8,#fashion
133,user348,New post!,7562,492,580,2025-03-11,#photooftheday
134,user230,Check this out!,6975,91,918,2025-03-13,#photooftheday
135,user53,Throwback!,6119,207,268,2025-03-15,#instagood
136,user79,Throwback!,4092,380,575,2025-03-12,#fun
137,user319,New post!,6729,291,700,2025-03-2,#fun
138,user305,Throwback!,9568,39,955,2025-03-8,#photooftheday
139,user351,Love this!,5502,291,725,2025-03-9,#instagood
140,user464,Throwback!,4832,362,476,2025-03-11,#fashion
141,user157,Throwback!,5541,108,424,2025-03-14,#fun
142,user363,Check this out!,352,141,765,2025-03-4,#love
143,user381,Throwback!,5746,304,692,2025-03-5,#love
144,user145,Love this!,6448,116,200,2025-03-1,#fun
145,user12,Amazing day!,7784,302,6,2025-03-4,#love
146,user250,New post!,8935,206,609,2025-03-13,#fashion
147,user66,New post!,7822,404,747,2025-03-9,#fashion
148,user473,New post!,8669,160,703,2025-03-8,#fashion
149,user66,Amazing day!,9640,316,318,2025-03-1,#fashion
150,user475,New post!,5412,360,180,2025-03-11,#instagood
151,user441,Throwback!,2811,200,905,2025-03-6,#fashion
152,user11,Check this out!,907,295,959,2025-03-10,#instagood
153,user432,Love this!,4218,479,675,2025-03-10,#fun
154,user105,New post!,986,369,968,2025-03-6,#instagood
155,user187,Throwback!,8245,450,474,2025-03-12,#instagood
156,user35,Love this!,9311,143,330,2025-03-1,#fashion
157,user278,Love this!,1614,148,75,2025-03-10,#instagood
158,user330,Amazing day!,7392,257,408,2025-03-2,#instagood
159,user406,Love this!,7111,136,196,2025-03-4,#fashion
160,user186,Check this out!,6704,79,850,2025-03-4,#instagood
161,user47,Amazing day!,2227,162,527,2025-03-13,#photooftheday
162,user207,Throwback!,2698,190,628,2025-03-11,#love
163,user345,Love this!,8582,219,452,2025-03-14,#love
164,user455,Throwback!,2435,252,121,2025-03-12,#love
165,user372,Check this out!,4071,353,624,2025-03-11,#fashion
166,user241,New post!,1060,83,871,2025-03-15,#love
167,user83,Amazing day!,316,467,154,2025-03-11,#love
168,user123,New post!,3574,357,835,2025-03-11,#love
169,user481,Check this out!,4602,420,554,2025-03-2,#fashion
170,user490,Check this out!,7434,106,622,2025-03-15,#instagood
171,user204,Check this out!,5559,340,158,2025-03-11,#love
172,user101,New post!,8913,410,549,2025-03-2,#photooftheday
173,user297,Love this!,8436,128,940,2025-03-15,#fun
174,user402,New post!,6270,225,276,2025-03-14,#fun
175,user371,Throwback!,9159,448,538,2025-03-7,#instagood
176,user50,New post!,4397,287,648,2025-03-12,#fun
177,user428,Love this!,2978,81,175,2025-03-7,#fun
178,user242,Amazing day!,9323,227,244,2025-03-3,#instagood
179,user397,Check this out!,7283,188,784,2025-03-10,#fun
180,user241,New post!,5795,249,330,2025-03-4,#fashion
181,user156,Love this!,3877,141,854,2025-03-12,#instagood
182,user142,Amazing day!,8258,217,452,2025-03-8,#photooftheday
183,user353,Throwback!,5543,409,546,2025-03-8,#love
184,user84,Check this out!,6750,443,98,2025-03-9,#love
185,user410,New post!,9464,295,883,2025-03-7,#instagood
186,user81,Throwback!,3764,453,849,2025-03-9,#fashion
187,user130,Throwback!,5019,201,497,2025-03-1,#fashion
188,user123,Throwback!,2877,380,683,2025-03-11,#photooftheday
189,user105,Amazing day!,4670,59,748,2025-03-10,#photooftheday
190,user320,Throwback!,8968,246,861,2025-03-13,#photooftheday
191,user351,Throwback!,6448,348,319,2025-03-9,#photooftheday
192,user490,Throwback!,9720,277,855,2025-03-14,#fun
193,user182,Love this!,9986,424,550,2025-03-10,#fashion
194,user103,New post!,8066,193,530,2025-03-9,#photooftheday
195,user130,Love this!,9094,383,949,2025-03-4,#instagood
196,user280,Check this out!,5434,86,343,2025-03-9,#love
197,user322,Check this out!,9545,370,600,2025-03-5,#fashion
198,user279,Love this!,1115,158,123,2025-03-9,#fun
199,user132,Throwback!,3888,211,548,2025-03-15,#photooftheday
200,user34,Amazing day!,8338,215,992,2025-03-15,#fun
201,user349,Love this!,1531,386,551,2025-03-14,#fun
202,user438,Amazing day!,6205,468,352,2025-03-7,#photooftheday
203,user365,Check this out!,6300,60,673,2025-03-6,#photooftheday
204,user427,Throwback!,9632,412,374,2025-03-14,#fashion
205,user29,New post!,6444,62,223,2025-03-3,#fun
206,user152,Love this!,8171,12,935,2025-03-10,#instagood
207,user315,New post!,1905,12,551,2025-03-1,#fun
208,user358,New post!,6063,327,454,2025-03-14,#fun
209,user195,Love this!,2723,371,144,2025-03-5,#instagood
210,user30,Throwback!,9689,46,225,2025-03-6,#photooftheday
211,user499,Love this!,1394,307,808,2025-03-3,#fun
212,user22,Throwback!,7855,328,706,2025-03-12,#fun
213,user55,Check this out!,5566,34,315,2025-03-12,#love
214,user87,Check this out!,3454,343,752,2025-03-5,#photooftheday
215,user398,New post!,3172,402,583,2025-03-15,#fashion
216,user400,Throwback!,1553,348,208,2025-03-15,#instagood
217,user313,New post!,494,213,106,2025-03-9,#instagood
218,user264,Throwback!,8895,489,15,2025-03-9,#instagood
219,user420,Amazing day!,3156,218,587,2025-03-1,#fashion
220,user233,Amazing day!,1272,384,532,2025-03-1,#photooftheday
221,user68,Check this out!,245,236,817,2025-03-5,#fun
222,user125,Love this!,4248,386,128,2025-03-14,#love
223,user414,Throwback!,3045,79,12,2025-03-10,#instagood
224,user228,New post!,7967,71,461,2025-03-10,#photooftheday
225,user215,Amazing day!,1575,159,288,2025-03-13,#instagood
226,user75,New post!,2697,259,889,2025-03-11,#instagood
227,user404,Throwback!,5984,41,240,2025-03-7,#photooftheday
228,user457,New post!,7328,423,90,2025-03-13,#fun
229,user281,Check this out!,6502,297,844,2025-03-3,#photooftheday
230,user154,Amazing day!,643,130,67,2025-03-3,#fashion
231,user334,Amazing day!,5896,309,108,2025-03-11,#fun
232,user486,Check this out!,348,450,515,2025-03-1,#love
233,user198,New post!,1102,100,628,2025-03-4,#photooftheday
234,user180,New post!,7479,14,721,2025-03-13,#fashion
235,user303,Love this!,5572,283,185,2025-03-9,#love
236,user44,Love this!,8753,78,168,2025-03-11,#photooftheday
237,user338,Amazing day!,2729,488,857,2025-03-8,#photooftheday
238,user292,Amazing day!,5834,341,944,2025-03-15,#love
239,user294,Love this!,2574,328,876,2025-03-9,#photooftheday
240,user80,Check this out!,4615,76,980,2025-03-2,#fashion
241,user408,Throwback!,9080,388,342,2025-03-10,#fun
242,user249,Check this out!,6971,271,668,2025-03-15,#fun
243,user49,Check this out!,6122,149,856,2025-03-10,#instagood
244,user252,Check this out!,7150,281,890,2025-03-7,#fashion
245,user397,Check this out!,6308,37,870,2025-03-6,#photooftheday
246,user298,Throwback!,5713,11,54,2025-03-8,#photooftheday
247,user279,Love this!,7080,263,771,2025-03-14,#fashion
248,user238,Check this out!,8411,175,597,2025-03-11,#photooftheday
249,user433,Love this!,3217,487,88,2025-03-3,#fashion
250,user17,Love this!,6892,92,969,2025-03-12,#instagood
251,user138,New post!,2644,209,847,2025-03-2,#photooftheday
252,user72,Love this!,3464,81,182,2025-03-15,#love
253,user178,Love this!,7206,358,470,2025-03-4,#fun
254,user382,Throwback!,4089,422,785,2025-03-3,#fun
255,user483,New post!,4003,464,484,2025-03-14,#fun
256,user94,Amazing day!,6910,480,881,2025-03-5,#fun
257,user51,Amazing day!,4818,77,496,2025-03-11,#fun
258,user361,Love this!,3275,293,398,2025-03-6,#fashion
259,user54,Love this!,7963,422,901,2025-03-13,#instagood
260,user477,Amazing day!,7994,160,696,2025-03-14,#fun
261,user438,Throwback!,2483,308,138,2025-03-10,#fashion
262,user6,New post!,6201,86,89,2025-03-3,#fashion
263,user447,New post!,6276,266,661,2025-03-7,#photooftheday
264,user266,Love this!,9668,318,923,2025-03-9,#fun
265,user301,Amazing day!,6910,361,686,2025-03-12,#fun
266,user64,Amazing day!,8106,188,957,2025-03-2,#instagood
267,user174,Throwback!,6791,164,261,2025-03-14,#photooftheday
268,user212,Check this out!,2809,486,42,2025-03-3,#instagood
269,user181,Throwback!,2546,88,685,2025-03-1,#fun
270,user361,Throwback!,8617,110,573,2025-03-3,#love
271,user307,Love this!,8279,155,150,2025-03-13,#fun
272,user340,New post!,7769,478,738,2025-03-7,#photooftheday
273,user144,Love this!,6803,340,568,2025-03-2,#instagood
274,user135,Love this!,7335,306,48,2025-03-14,#instagood
275,user424,Amazing day!,3229,294,957,2025-03-1,#fashion
276,user68,Check this out!,1582,370,716,2025-03-15,#love
277,user368,Love this!,153,493,868,2025-03-7,#love
278,user393,Love this!,9962,230,865,2025-03-11,#fashion
279,user408,Check this out!,1979,275,219,2025-03-1,#instagood
280,user101,Amazing day!,4126,484,957,2025-03-1,#fun
281,user138,Throwback!,4509,398,887,2025-03-5,#photooftheday
282,user475,Check this out!,748,155,346,2025-03-11,#instagood
283,user145,Amazing day!,9538,20,856,2025-03-1,#fashion
284,user80,Love this!,3151,198,581,2025-03-8,#instagood
285,user48,Check this out!,9210,237,941,2025-03-11,#fashion
286,user250,Throwback!,5280,341,821,2025-03-10,#love
287,user416,New post!,8745,351,586,2025-03-13,#fun
288,user455,Check this out!,9999,136,644,2025-03-14,#fun
289,user259,Love this!,3004,453,149,2025-03-2,#photooftheday
290,user83,Throwback!,7817,205,94,2025-03-12,#fun
291,user64,Amazing day!,7414,149,408,2025-03-14,#fashion
292,user269,Love this!,9169,184,39,2025-03-6,#instagood
293,user85,Check this out!,5384,408,756,2025-03-1,#instagood
294,user388,Throwback!,1112,335,612,2025-03-1,#fun
295,user207,Check this out!,8885,499,949,2025-03-15,#fun
296,user127,Amazing day!,9531,301,97,2025-03-9,#photooftheday
297,user258,Love this!,1063,319,360,2025-03-3,#fun
298,user344,New post!,9890,273,325,2025-03-10,#fun
299,user190,Amazing day!,6959,34,859,2025-03-4,#love
300,user63,Check this out!,7710,497,660,2025-03-11,#fashion
301,user195,Amazing day!,1897,215,493,2025-03-13,#love
302,user343,Love this!,1049,259,750,2025-03-7,#photooftheday
303,user200,Amazing day!,1606,299,779,2025-03-10,#fun
304,user116,Amazing day!,5873,160,475,2025-03-14,#fashion
305,user190,Check this out!,2007,142,62,2025-03-15,#love
306,user83,Check this out!,8111,94,131,2025-03-7,#fashion
307,user8,Amazing day!,8291,461,557,2025-03-9,#photooftheday
308,user45,Love this!,7617,178,871,2025-03-6,#instagood
309,user308,Check this out!,4830,166,883,2025-03-14,#instagood
310,user419,New post!,993,392,589,2025-03-14,#photooftheday
311,user435,Check this out!,4893,374,200,2025-03-11,#photooftheday
312,user116,Throwback!,3143,221,374,2025-03-15,#fun
313,user345,Love this!,1319,280,654,2025-03-5,#photooftheday
314,user22,Check this out!,1801,494,479,2025-03-4,#photooftheday
315,user299,Amazing day!,2808,81,879,2025-03-9,#photooftheday
316,user221,Throwback!,5818,248,422,2025-03-7,#love
317,user48,Amazing day!,5817,490,194,2025-03-4,#instagood
318,user423,Throwback!,8062,253,897,2025-03-5,#fun
319,user298,Check this out!,6336,442,745,2025-03-13,#fun
320,user199,Amazing day!,883,271,520,2025-03-5,#fashion
321,user465,Love this!,5378,466,719,2025-03-8,#fashion
322,user251,Amazing day!,1112,130,828,2025-03-15,#photooftheday
323,user184,Throwback!,7099,451,479,2025-03-3,#love
324,user386,Love this!,9870,15,365,2025-03-13,#instagood
325,user91,Amazing day!,1758,500,886,2025-03-5,#love
326,user359,Amazing day!,1579,207,884,2025-03-11,#instagood
327,user14,Love this!,4240,492,818,2025-03-1,#fun
328,user477,Throwback!,5734,453,887,2025-03-4,#love
329,user101,Amazing day!,378,56,291,2025-03-13,#photooftheday
330,user346,Love this!,768,375,316,2025-03-1,#instagood
331,user140,Amazing day!,6604,178,221,2025-03-10,#fun
332,user244,Check this out!,9929,408,182,2025-03-13,#love
333,user245,New post!,9103,180,433,2025-03-11,#fun
334,user116,Check this out!,5314,334,244,2025-03-7,#fashion
335,user190,Love this!,7341,27,52,2025-03-4,#love
336,user236,Love this!,2635,72,950,2025-03-4,#instagood
337,user215,Amazing day!,790,268,372,2025-03-7,#love
338,user384,New post!,662,487,90,2025-03-14,#instagood
339,user106,Throwback!,2634,297,538,2025-03-15,#instagood
340,user288,Love this!,2715,81,310,2025-03-10,#photooftheday
341,user76,Check this out!,8249,464,272,2025-03-15,#love
342,user215,New post!,2409,182,85,2025-03-6,#fun
343,user193,Love this!,949,238,623,2025-03-5,#photooftheday
344,user434,Amazing day!,5897,383,900,2025-03-15,#instagood
345,user371,Throwback!,7131,475,359,2025-03-3,#fun
346,user383,Amazing day!,5085,139,506,2025-03-12,#fun
347,user406,New post!,5580,483,832,2025-03-8,#instagood
348,user318,Check this out!,7609,301,793,2025-03-6,#fashion
349,user468,Amazing day!,7196,427,950,2025-03-6,#fashion
350,user380,Throwback!,3362,8,490,2025-03-13,#instagood
351,user441,Throwback!,2071,483,816,2025-03-13,#instagood
352,user217,Amazing day!,8010,401,40,2025-03-1,#instagood
353,user496,Love this!,3501,118,170,2025-03-11,#fun
354,user85,New post!,2069,354,910,2025-03-2,#photooftheday
355,user426,Throwback!,4917,139,644,2025-03-3,#instagood
356,user311,Throwback!,8924,70,14,2025-03-11,#fun
357,user354,Amazing day!,8667,459,294,2025-03-3,#photooftheday
358,user272,Check this out!,8838,358,890,2025-03-2,#instagood
359,user333,Throwback!,8624,5,66,2025-03-11,#love
360,user162,Check this out!,4130,215,91,2025-03-10,#photooftheday
361,user428,New post!,8979,333,619,2025-03-1,#fashion
362,user159,Amazing day!,9664,257,504,2025-03-5,#fashion
363,user431,New post!,2665,46,104,2025-03-1,#instagood
364,user254,Check this out!,7724,316,641,2025-03-12,#photooftheday
365,user19,Throwback!,5571,196,345,2025-03-5,#fashion
366,user273,Love this!,6105,88,912,2025-03-12,#fun
367,user320,New post!,9649,128,671,2025-03-8,#fun
368,user130,New post!,4907,475,235,2025-03-12,#fun
369,user436,Throwback!,3424,136,300,2025-03-7,#fashion
370,user477,Check this out!,9579,352,138,2025-03-6,#photooftheday
371,user61,New post!,7189,137,377,2025-03-5,#fashion
372,user258,Amazing day!,2702,408,178,2025-03-9,#fun
373,user80,Throwback!,4986,135,229,2025-03-5,#love
374,user155,New post!,6786,268,685,2025-03-15,#instagood
375,user29,New post!,2517,59,251,2025-03-10,#fun
376,user108,Amazing day!,4454,226,321,2025-03-14,#fashion
377,user225,Love this!,9250,213,916,2025-03-2,#fashion
378,user467,New post!,582,464,89,2025-03-4,#fashion
379,user12,New post!,7048,345,585,2025-03-8,#fun
380,user172,Amazing day!,3047,477,861,2025-03-13,#fun
381,user119,New post!,2203,291,374,2025-03-13,#instagood
382,user210,Check this out!,8472,479,298,2025-03-13,#fashion
383,user173,Amazing day!,1238,359,104,2025-03-7,#instagood
384,user217,Check this out!,740,456,459,2025-03-3,#love
385,user232,Amazing day!,6589,96,846,2025-03-8,#photooftheday
386,user411,Throwback!,7294,24,959,2025-03-2,#instagood
387,user257,Check this out!,6151,247,680,2025-03-10,#instagood
388,user82,Throwback!,4594,439,740,2025-03-8,#fun
389,user49,Throwback!,8609,251,711,2025-03-3,#fashion
390,user474,Check this out!,9460,460,115,2025-03-7,#love
391,user369,New post!,2720,263,586,2025-03-12,#photooftheday
392,user32,Amazing day!,6752,28,657,2025-03-1,#photooftheday
393,user444,Throwback!,7455,457,293,2025-03-4,#instagood
394,user47,Throwback!,5583,277,520,2025-03-6,#instagood
395,user24,Check this out!,3447,107,927,2025-03-8,#instagood
396,user492,Love this!,4602,133,746,2025-03-6,#fashion
397,user167,Throwback!,2498,117,166,2025-03-3,#love
398,user273,Amazing day!,2243,259,917,2025-03-9,#fashion
399,user396,Amazing day!,6740,355,242,2025-03-4,#fashion
400,user414,Throwback!,7534,399,347,2025-03-11,#love
401,user350,Throwback!,1797,198,593,2025-03-10,#fashion
402,user155,Throwback!,2855,146,787,2025-03-13,#fun
403,user239,Amazing day!,1824,395,658,2025-03-13,#love
404,user251,Love this!,2050,245,374,2025-03-7,#photooftheday
405,user239,Love this!,9193,160,923,2025-03-10,#love
406,user296,New post!,920,46,153,2025-03-13,#fashion
407,user479,Love this!,3576,135,650,2025-03-4,#love
408,user169,Check this out!,1985,16,128,2025-03-10,#fashion
409,user217,Love this!,5033,158,501,2025-03-4,#instagood
410,user500,Love this!,4208,361,420,2025-03-7,#instagood
411,user120,Amazing day!,1265,429,97,2025-03-12,#photooftheday
412,user79,Throwback!,7075,391,690,2025-03-12,#photooftheday
413,user163,Amazing day!,2452,225,332,2025-03-13,#fun
414,user256,New post!,9096,352,119,2025-03-4,#fun
415,user330,New post!,9121,199,459,2025-03-12,#instagood
416,user89,Amazing day!,5760,68,45,2025-03-12,#photooftheday
417,user316,Amazing day!,4689,53,653,2025-03-6,#love
418,user407,New post!,3009,96,798,2025-03-2,#love
419,user431,Throwback!,2277,160,833,2025-03-13,#fashion
420,user348,Love this!,6493,36,440,2025-03-5,#fashion
421,user282,Love this!,2111,476,467,2025-03-12,#fashion
422,user401,Love this!,6655,146,224,2025-03-6,#fashion
423,user127,Love this!,3156,266,300,2025-03-6,#love
424,user461,Throwback!,5771,279,962,2025-03-14,#fun
425,user280,New post!,5187,227,836,2025-03-1,#fun
426,user147,Amazing day!,1004,338,562,2025-03-10,#fun
427,user88,Amazing day!,1083,314,994,2025-03-7,#instagood
428,user27,Amazing day!,4933,384,928,2025-03-8,#fashion
429,user326,New post!,4296,283,432,2025-03-13,#instagood
430,user75,Amazing day!,5556,182,561,2025-03-14,#photooftheday
431,user94,Love this!,5583,133,389,2025-03-9,#photooftheday
432,user226,Love this!,9384,498,583,2025-03-11,#fashion
433,user470,Love this!,5190,404,367,2025-03-7,#love
434,user241,Love this!,2983,313,30,2025-03-12,#fun
435,user146,Throwback!,6963,30,193,2025-03-2,#instagood
436,user268,New post!,9704,193,901,2025-03-1,#instagood
437,user343,Amazing day!,919,173,143,2025-03-14,#fun
438,user380,New post!,2470,78,224,2025-03-7,#instagood
439,user339,Love this!,2281,36,555,2025-03-9,#instagood
440,user326,Amazing day!,3786,239,223,2025-03-3,#fashion
441,user419,Amazing day!,7672,57,720,2025-03-11,#fashion
442,user282,Check this out!,7170,282,197,2025-03-13,#instagood
443,user132,Love this!,3342,313,1000,2025-03-8,#fashion
444,user434,Check this out!,8996,394,463,2025-03-12,#photooftheday
445,user414,Throwback!,7573,15,720,2025-03-1,#photooftheday
446,user270,New post!,6200,126,390,2025-03-11,#fashion
447,user80,New post!,9251,254,179,2025-03-3,#fun
448,user176,Check this out!,8853,228,956,2025-03-1,#fashion
449,user269,Amazing day!,6796,433,531,2025-03-10,#fashion
450,user180,Love this!,9696,175,276,2025-03-13,#fashion
451,user165,Check this out!,463,278,436,2025-03-6,#instagood
452,user173,Throwback!,3182,94,101,2025-03-14,#fashion
453,user176,Love this!,9884,68,906,2025-03-6,#photooftheday
454,user89,New post!,9355,481,319,2025-03-13,#instagood
455,user192,Check this out!,7441,135,716,2025-03-9,#fashion
456,user291,Check this out!,3039,320,817,2025-03-3,#fashion
457,user336,Check this out!,1182,497,796,2025-03-6,#fun
458,user327,Check this out!,8456,353,309,2025-03-4,#instagood
459,user459,Love this!,8471,0,417,2025-03-14,#fun
460,user224,Love this!,8019,58,971,2025-03-9,#love
461,user69,New post!,2340,437,737,2025-03-8,#love
462,user380,New post!,8776,409,526,2025-03-7,#love
463,user36,New post!,4264,400,879,2025-03-15,#fun
464,user455,Amazing day!,8096,166,690,2025-03-6,#love
465,user196,Amazing day!,7651,356,811,2025-03-14,#instagood
466,user290,Love this!,6799,354,540,2025-03-4,#photooftheday
467,user467,New post!,7947,130,67,2025-03-10,#instagood
468,user50,Throwback!,9319,244,434,2025-03-2,#fun
469,user332,Love this!,3299,162,436,2025-03-15,#love
470,user182,Amazing day!,3963,118,490,2025-03-9,#photooftheday
471,user419,New post!,6512,252,932,2025-03-8,#love
472,user394,Throwback!,7435,444,560,2025-03-14,#fun
473,user268,Throwback!,2390,412,651,2025-03-8,#instagood
474,user97,Throwback!,8942,364,286,2025-03-1,#fun
475,user477,Amazing day!,3497,294,358,2025-03-12,#love
476,user50,Love this!,1529,482,362,2025-03-4,#photooftheday
477,user107,New post!,7424,413,866,2025-03-12,#photooftheday
478,user388,New post!,203,416,809,2025-03-9,#fun
479,user221,Throwback!,306,448,877,2025-03-13,#fun
480,user341,Check this out!,2978,397,355,2025-03-10,#fashion
481,user217,New post!,2247,64,59,2025-03-14,#fun
482,user35,Love this!,5511,281,510,2025-03-3,#love
483,user62,New post!,1732,165,882,2025-03-12,#photooftheday
484,user463,Throwback!,9353,245,669,2025-03-5,#fun
485,user333,Love this!,2163,288,12,2025-03-4,#fun
486,user449,Amazing day!,2104,331,659,2025-03-3,#fun
487,user19,Check this out!,1291,406,896,2025-03-3,#fashion
488,user34,Amazing day!,8426,154,178,2025-03-13,#photooftheday
489,user315,Check this out!,4804,111,19,2025-03-11,#fashion
490,user268,New post!,8111,158,404,2025-03-14,#fun
491,user457,Throwback!,8390,83,249,2025-03-13,#instagood
492,user105,Amazing day!,2505,473,606,2025-03-5,#fun
493,user400,Check this out!,5917,404,620,2025-03-6,#fashion
494,user498,Throwback!,5631,373,814,2025-03-7,#photooftheday
495,user300,Check this out!,3344,446,734,2025-03-5,#fun
496,user166,Check this out!,6237,412,146,2025-03-14,#fashion
497,user405,Throwback!,4408,304,986,2025-03-4,#love
498,user302,New post!,2690,27,681,2025-03-14,#fun
499,user402,Check this out!,3127,241,606,2025-03-3,#instagood
500,user15,New post!,3096,5,344,2025-03-8,#fun
501,user80,New post!,325,265,985,2025-03-12,#fashion
502,user159,Love this!,4062,75,318,2025-03-6,#love
503,user282,Check this out!,166,12,440,2025-03-10,#fun
504,user20,Check this out!,7575,270,425,2025-03-13,#love
505,user294,Love this!,5604,167,167,2025-03-12,#fashion
506,user76,Throwback!,8605,90,460,2025-03-12,#fashion
507,user317,Love this!,9451,33,714,2025-03-6,#love
508,user57,Amazing day!,482,31,764,2025-03-6,#instagood
509,user248,New post!,6825,341,238,2025-03-10,#photooftheday
510,user293,Throwback!,9911,215,673,2025-03-1,#photooftheday
511,user417,Throwback!,8340,441,201,2025-03-15,#instagood
512,user380,New post!,6513,244,255,2025-03-9,#fashion
513,user315,Love this!,1006,447,438,2025-03-3,#instagood
514,user192,Throwback!,3962,241,260,2025-03-7,#instagood
515,user397,Check this out!,9264,476,244,2025-03-13,#fun
516,user153,New post!,6997,178,311,2025-03-6,#fun
517,user162,Love this!,6802,310,988,2025-03-15,#fashion
518,user250,New post!,9922,252,712,2025-03-9,#love
519,user87,Amazing day!,2196,414,331,2025-03-13,#fun
520,user66,New post!,4580,163,938,2025-03-5,#photooftheday
521,user226,Throwback!,8499,215,567,2025-03-4,#fashion
522,user290,Love this!,2762,138,688,2025-03-9,#fun
523,user328,New post!,8312,262,781,2025-03-5,#photooftheday
524,user182,Throwback!,852,304,827,2025-03-12,#instagood
525,user116,Amazing day!,7320,45,359,2025-03-8,#photooftheday
526,user489,Amazing day!,4536,475,24,2025-03-13,#fashion
527,user189,New post!,4881,275,206,2025-03-10,#fashion
528,user483,Amazing day!,7297,106,913,2025-03-6,#love
529,user476,Love this!,4716,428,571,2025-03-4,#instagood
530,user280,Amazing day!,1467,9,889,2025-03-4,#instagood
531,user494,Check this out!,3229,23,419,2025-03-7,#instagood
532,user475,Love this!,9281,200,14,2025-03-3,#fashion
533,user370,Check this out!,6204,413,461,2025-03-3,#love
534,user55,New post!,9084,344,582,2025-03-12,#love
535,user217,Love this!,3709,441,518,2025-03-5,#fun
536,user275,New post!,7693,167,523,2025-03-1,#fun
537,user444,New post!,4370,102,596,2025-03-10,#instagood
538,user350,New post!,4576,31,469,2025-03-1,#fun
539,user313,Check this out!,2968,443,730,2025-03-7,#fashion
540,user465,New post!,9469,216,717,2025-03-11,#fashion
541,user23,Throwback!,8200,276,43,2025-03-12,#fashion
542,user231,Throwback!,8641,285,177,2025-03-4,#photooftheday
543,user276,New post!,1488,28,761,2025-03-6,#fun
544,user370,Love this!,668,450,873,2025-03-2,#fun
545,user160,Check this out!,7372,424,374,2025-03-9,#love
546,user283,Love this!,4870,334,679,2025-03-10,#fashion
547,user425,Check this out!,9209,449,288,2025-03-10,#fun
548,user471,Love this!,2757,326,726,2025-03-6,#love
549,user52,Love this!,1819,46,234,2025-03-2,#fashion
550,user386,Amazing day!,5068,469,966,2025-03-8,#photooftheday
551,user334,Amazing day!,4806,176,573,2025-03-5,#love
552,user288,New post!,2655,462,680,2025-03-12,#love
553,user135,Amazing day!,8226,240,755,2025-03-7,#instagood
554,user243,Love this!,5233,303,562,2025-03-14,#fashion
555,user215,Throwback!,6068,201,103,2025-03-7,#instagood
556,user300,Love this!,3684,448,362,2025-03-14,#photooftheday
557,user214,Love this!,2178,164,675,2025-03-1,#fashion
558,user194,New post!,5498,426,494,2025-03-10,#photooftheday
559,user303,Amazing day!,1132,465,848,2025-03-8,#fun
560,user245,Amazing day!,3121,485,511,2025-03-1,#love
561,user395,Love this!,5180,54,228,2025-03-3,#fashion
562,user317,Check this out!,5018,358,406,2025-03-14,#fun
563,user385,Amazing day!,4731,344,85,2025-03-9,#fashion
564,user420,Check this out!,125,62,727,2025-03-12,#love
565,user318,Amazing day!,4984,34,430,2025-03-9,#love
566,user104,Check this out!,3191,37,686,2025-03-1,#fun
567,user445,Throwback!,6861,167,966,2025-03-12,#love
568,user52,Amazing day!,4390,301,690,2025-03-2,#photooftheday
569,user421,New post!,3454,365,813,2025-03-12,#photooftheday
570,user84,Amazing day!,8628,274,942,2025-03-2,#fun
571,user256,New post!,3466,317,389,2025-03-3,#instagood
572,user309,Throwback!,497,490,376,2025-03-12,#instagood
573,user374,Check this out!,6417,149,587,2025-03-4,#photooftheday
574,user412,Check this out!,2384,195,766,2025-03-11,#instagood
575,user344,Love this!,907,235,207,2025-03-10,#photooftheday
576,user139,Throwback!,6717,379,445,2025-03-12,#love
577,user54,Check this out!,87,347,580,2025-03-7,#instagood
578,user44,Throwback!,1855,66,786,2025-03-3,#love
579,user55,Check this out!,6807,301,385,2025-03-15,#instagood
580,user389,Amazing day!,7544,418,696,2025-03-8,#love
581,user63,Love this!,8577,321,972,2025-03-12,#fashion
582,user278,Check this out!,8648,162,560,2025-03-4,#fun
583,user352,Throwback!,6856,296,813,2025-03-8,#photooftheday
584,user498,Throwback!,7353,100,92,2025-03-8,#fun
585,user164,Love this!,2348,324,425,2025-03-2,#photooftheday
586,user97,New post!,540,468,345,2025-03-6,#fashion
587,user116,Love this!,1534,76,113,2025-03-11,#photooftheday
588,user63,New post!,2092,186,375,2025-03-1,#love
589,user198,New post!,4976,261,562,2025-03-3,#instagood
590,user116,Throwback!,1806,79,521,2025-03-10,#love
591,user56,Amazing day!,6876,435,502,2025-03-9,#love
592,user241,Love this!,8117,68,354,2025-03-2,#fashion
593,user126,New post!,7623,334,185,2025-03-1,#instagood
594,user385,Check this out!,1955,156,62,2025-03-10,#fun
595,user172,New post!,123,450,460,2025-03-11,#instagood
596,user388,Check this out!,2224,21,400,2025-03-3,#love
597,user446,New post!,1533,471,640,2025-03-14,#photooftheday
598,user184,New post!,2960,321,26,2025-03-3,#fashion
599,user298,Amazing day!,8360,317,518,2025-03-3,#instagood
600,user125,New post!,8372,322,148,2025-03-12,#photooftheday
601,user3,Love this!,646,217,823,2025-03-6,#instagood
602,user124,Check this out!,8859,31,550,2025-03-13,#love
603,user321,Check this out!,8580,387,394,2025-03-4,#instagood
604,user127,Check this out!,1315,11,144,2025-03-12,#fashion
605,user244,New post!,6682,464,254,2025-03-1,#love
606,user279,Check this out!,6349,57,41,2025-03-14,#fashion
607,user428,Love this!,4014,83,940,2025-03-1,#instagood
608,user225,Throwback!,8088,461,785,2025-03-11,#fun
609,user470,Amazing day!,2612,459,94,2025-03-2,#fun
610,user84,Check this out!,72,178,540,2025-03-14,#fashion
611,user298,New post!,2474,192,449,2025-03-10,#photooftheday
612,user105,Check this out!,5720,159,292,2025-03-14,#love
613,user288,Love this!,94,125,284,2025-03-7,#fashion
614,user98,Amazing day!,1906,353,164,2025-03-5,#instagood
615,user88,Throwback!,1635,410,692,2025-03-12,#fun
616,user371,Check this out!,3260,67,729,2025-03-15,#instagood
617,user476,Throwback!,5709,92,178,2025-03-7,#photooftheday
618,user452,Check this out!,7677,376,526,2025-03-2,#fun
619,user61,Check this out!,1914,332,95,2025-03-11,#fun
620,user37,Check this out!,2216,107,257,2025-03-10,#fashion
621,user450,Check this out!,339,221,798,2025-03-8,#fashion
622,user491,Throwback!,3803,10,769,2025-03-1,#photooftheday
623,user53,Love this!,3103,345,161,2025-03-11,#fashion
624,user186,New post!,5992,81,609,2025-03-12,#love
625,user346,Throwback!,2377,280,80,2025-03-4,#love
626,user488,Amazing day!,4673,296,896,2025-03-7,#fun
627,user474,New post!,9667,250,232,2025-03-13,#instagood
628,user391,Love this!,4225,407,1000,2025-03-2,#instagood
629,user319,Amazing day!,1030,171,170,2025-03-9,#photooftheday
630,user457,Amazing day!,5342,320,968,2025-03-8,#instagood
631,user152,Amazing day!,3120,399,419,2025-03-14,#fashion
632,user362,New post!,6233,101,623,2025-03-9,#fun
633,user447,Check this out!,8800,284,941,2025-03-1,#fun
634,user385,Love this!,7125,227,532,2025-03-12,#fun
635,user266,Love this!,5035,165,63,2025-03-1,#love
636,user109,Love this!,3574,124,333,2025-03-3,#fun
637,user217,Check this out!,529,170,155,2025-03-8,#love
638,user390,Throwback!,1356,202,168,2025-03-5,#love
639,user32,Amazing day!,8500,399,543,2025-03-2,#love
640,user428,Throwback!,5865,195,965,2025-03-8,#photooftheday
641,user207,Check this out!,3478,462,510,2025-03-7,#photooftheday
642,user37,Love this!,6900,263,280,2025-03-5,#instagood
643,user177,Amazing day!,451,172,164,2025-03-4,#instagood
644,user348,Throwback!,8775,191,90,2025-03-11,#photooftheday
645,user121,New post!,7807,327,661,2025-03-8,#instagood
646,user190,Amazing day!,2689,92,698,2025-03-4,#fun
647,user135,Throwback!,3095,194,325,2025-03-9,#love
648,user397,Throwback!,8897,347,923,2025-03-1,#fashion
649,user142,Check this out!,6928,53,605,2025-03-9,#instagood
650,user162,Check this out!,8500,280,604,2025-03-12,#instagood
651,user253,New post!,9627,54,696,2025-03-13,#fun
652,user367,Amazing day!,3557,304,1000,2025-03-12,#love
653,user222,Check this out!,5335,325,244,2025-03-13,#love
654,user92,Check this out!,8539,5,289,2025-03-1,#love
655,user322,New post!,2717,283,591,2025-03-3,#fashion
656,user487,Love this!,6723,377,366,2025-03-5,#photooftheday
657,user129,Check this out!,4188,40,418,2025-03-6,#instagood
658,user10,New post!,3441,44,946,2025-03-7,#photooftheday
659,user498,Amazing day!,269,348,502,2025-03-7,#fashion
660,user186,Throwback!,5787,133,259,2025-03-5,#love
661,user96,Check this out!,9861,78,320,2025-03-4,#instagood
662,user286,Throwback!,6282,239,709,2025-03-8,#love
663,user318,Throwback!,9509,161,615,2025-03-6,#instagood
664,user49,New post!,6543,233,385,2025-03-11,#instagood
665,user2,New post!,4453,17,996,2025-03-12,#love
666,user290,Throwback!,4161,10,667,2025-03-9,#instagood
667,user369,Check this out!,2534,212,72,2025-03-7,#love
668,user311,New post!,8098,60,250,2025-03-4,#instagood
669,user85,Throwback!,8504,225,159,2025-03-7,#photooftheday
670,user380,New post!,1148,228,475,2025-03-5,#fashion
671,user222,Throwback!,8707,183,426,2025-03-8,#fun
672,user60,Throwback!,9859,200,710,2025-03-9,#love
673,user358,Love this!,8238,122,140,2025-03-12,#fashion
674,user195,Love this!,8503,352,773,2025-03-10,#instagood
675,user14,Check this out!,2316,55,831,2025-03-14,#fun
676,user196,Amazing day!,8979,383,950,2025-03-3,#instagood
677,user401,Love this!,6480,480,466,2025-03-4,#photooftheday
678,user33,Love this!,898,59,368,2025-03-11,#fashion
679,user480,Check this out!,1844,450,303,2025-03-6,#photooftheday
680,user416,Amazing day!,1920,272,670,2025-03-13,#instagood
681,user282,Throwback!,8745,431,798,2025-03-8,#fun
682,user262,New post!,1156,111,728,2025-03-14,#instagood
683,user222,New post!,4027,5,310,2025-03-2,#instagood
684,user368,Check this out!,9419,21,132,2025-03-2,#love
685,user363,Love this!,2267,223,272,2025-03-6,#instagood
686,user349,Love this!,5194,71,38,2025-03-13,#fashion
687,user248,Love this!,6571,266,132,2025-03-11,#fun
688,user177,Check this out!,319,28,266,2025-03-12,#fun
689,user96,New post!,3919,323,248,2025-03-3,#photooftheday
690,user234,Amazing day!,2817,476,436,2025-03-5,#fashion
691,user210,Amazing day!,6126,174,350,2025-03-8,#fashion
692,user358,Throwback!,7672,456,541,2025-03-3,#fashion
693,user134,Love this!,1778,373,287,2025-03-1,#photooftheday
694,user267,Throwback!,542,49,89,2025-03-2,#fashion
695,user282,Check this out!,2660,352,421,2025-03-3,#love
696,user235,Love this!,9488,295,380,2025-03-8,#instagood
697,user369,Love this!,4356,356,94,2025-03-11,#love
698,user284,Amazing day!,9681,413,960,2025-03-14,#instagood
699,user234,Amazing day!,2509,231,719,2025-03-14,#photooftheday
700,user139,Check this out!,3232,425,98,2025-03-7,#love
701,user133,Love this!,3972,248,379,2025-03-12,#fashion
702,user452,Amazing day!,9889,202,895,2025-03-14,#love
703,user142,New post!,9787,340,807,2025-03-13,#fashion
704,user184,Amazing day!,8278,192,436,2025-03-1,#photooftheday
705,user402,Amazing day!,1117,381,10,2025-03-3,#photooftheday
706,user292,New post!,4492,18,670,2025-03-11,#fun
707,user220,Throwback!,7588,318,912,2025-03-1,#love
708,user146,New post!,3556,68,896,2025-03-1,#photooftheday
709,user437,Throwback!,1001,362,746,2025-03-15,#love
710,user190,Amazing day!,1057,257,330,2025-03-13,#fun
711,user442,Throwback!,7430,233,924,2025-03-11,#instagood
712,user290,Amazing day!,4063,11,192,2025-03-14,#fun
713,user119,Throwback!,1123,114,940,2025-03-3,#love
714,user27,New post!,1846,101,120,2025-03-12,#love
715,user81,Check this out!,4088,89,737,2025-03-4,#fashion
716,user429,New post!,3266,387,292,2025-03-10,#love
717,user134,Amazing day!,7858,358,925,2025-03-2,#love
718,user318,Love this!,2530,91,568,2025-03-9,#love
719,user29,Check this out!,5128,331,152,2025-03-3,#photooftheday
720,user143,Check this out!,3885,424,837,2025-03-6,#love
721,user456,New post!,4097,122,997,2025-03-6,#photooftheday
722,user342,New post!,732,38,456,2025-03-2,#fun
723,user127,Love this!,2495,384,387,2025-03-14,#fashion
724,user354,Check this out!,68,421,18,2025-03-9,#fashion
725,user492,Love this!,4921,126,807,2025-03-11,#instagood
726,user251,Check this out!,4305,414,277,2025-03-5,#fun
727,user255,New post!,2640,461,127,2025-03-3,#photooftheday
728,user396,Love this!,5128,329,756,2025-03-9,#instagood
729,user220,Love this!,8646,445,235,2025-03-7,#fashion
730,user14,New post!,7755,241,998,2025-03-5,#love
731,user248,Love this!,9232,158,760,2025-03-10,#photooftheday
732,user311,Check this out!,8878,62,282,2025-03-10,#fashion
733,user477,Love this!,4866,28,986,2025-03-12,#fashion
734,user452,Throwback!,3433,109,567,2025-03-3,#instagood
735,user70,Amazing day!,1081,86,331,2025-03-8,#fashion
736,user183,Throwback!,6420,341,978,2025-03-1,#love
737,user253,New post!,1348,414,293,2025-03-12,#instagood
738,user301,Love this!,6283,384,158,2025-03-6,#instagood
739,user460,Love this!,2091,244,136,2025-03-3,#instagood
740,user233,Love this!,4506,136,585,2025-03-5,#fashion
741,user414,New post!,408,286,884,2025-03-2,#fun
742,user362,Check this out!,1157,452,243,2025-03-15,#fashion
743,user478,Throwback!,9126,350,298,2025-03-15,#fun
744,user133,Throwback!,2658,269,831,2025-03-7,#love
745,user25,Check this out!,8490,269,467,2025-03-2,#fashion
746,user472,New post!,4307,30,885,2025-03-8,#photooftheday
747,user156,Throwback!,7078,256,422,2025-03-12,#photooftheday
748,user418,Throwback!,4987,286,483,2025-03-13,#fun
749,user478,Check this out!,6861,197,197,2025-03-7,#instagood
750,user296,Love this!,4251,146,262,2025-03-14,#fashion
751,user191,Throwback!,328,395,337,2025-03-8,#instagood
752,user380,Amazing day!,7358,272,267,2025-03-1,#fun
753,user320,Amazing day!,247,127,440,2025-03-7,#love
754,user452,New post!,9694,247,267,2025-03-11,#fashion
755,user166,Amazing day!,9178,471,28,2025-03-5,#instagood
756,user186,New post!,6678,114,938,2025-03-10,#instagood
757,user398,New post!,3316,302,829,2025-03-8,#fashion
758,user5,New post!,9667,340,553,2025-03-5,#love
759,user426,New post!,1380,220,607,2025-03-10,#love
760,user257,Amazing day!,3471,38,976,2025-03-6,#instagood
761,user423,New post!,2607,127,592,2025-03-4,#instagood
762,user355,Amazing day!,3549,153,442,2025-03-8,#instagood
763,user149,Love this!,6443,52,947,2025-03-5,#photooftheday
764,user19,Throwback!,2913,422,453,2025-03-1,#fun
765,user360,New post!,2126,77,652,2025-03-3,#love
766,user96,Check this out!,2784,241,365,2025-03-3,#instagood
767,user494,New post!,8500,430,508,2025-03-5,#love
768,user60,Throwback!,2392,431,681,2025-03-10,#fun
769,user485,New post!,5540,274,15,2025-03-7,#love
770,user499,New post!,7076,363,231,2025-03-12,#fun
771,user42,Amazing day!,3345,77,713,2025-03-4,#love
772,user139,Amazing day!,4338,285,911,2025-03-2,#love
773,user392,New post!,9990,24,435,2025-03-15,#photooftheday
774,user211,Love this!,7081,68,468,2025-03-7,#fashion
775,user488,Throwback!,4109,238,620,2025-03-9,#instagood
776,user223,Throwback!,2045,99,582,2025-03-15,#fun
777,user70,Throwback!,3227,451,613,2025-03-12,#instagood
778,user348,Check this out!,9834,291,281,2025-03-4,#fun
779,user178,Throwback!,205,272,629,2025-03-13,#fashion
780,user323,Check this out!,223,395,513,2025-03-14,#fun
781,user133,Amazing day!,8112,435,152,2025-03-14,#fun
782,user421,Amazing day!,476,434,123,2025-03-9,#photooftheday
783,user111,Throwback!,2049,260,613,2025-03-9,#fashion
784,user84,Check this out!,7359,100,287,2025-03-13,#photooftheday
785,user447,Love this!,279,438,403,2025-03-15,#love
786,user118,Throwback!,5156,473,123,2025-03-7,#fun
787,user163,Check this out!,5181,198,925,2025-03-13,#fashion
788,user65,New post!,4449,494,297,2025-03-8,#instagood
789,user160,Throwback!,7885,267,495,2025-03-6,#fun
790,user170,Amazing day!,4934,452,388,2025-03-4,#fun
791,user299,Love this!,2916,208,492,2025-03-2,#fashion
792,user498,Check this out!,1601,198,190,2025-03-1,#photooftheday
793,user18,Love this!,8422,342,370,2025-03-12,#fun
794,user30,New post!,5219,460,467,2025-03-13,#fashion
795,user16,Amazing day!,8404,156,179,2025-03-9,#love
796,user395,Check this out!,3679,335,704,2025-03-11,#love
797,user473,Throwback!,2044,285,100,2025-03-7,#fashion
798,user295,Love this!,5535,485,389,2025-03-3,#fun
799,user171,Love this!,445,279,338,2025-03-11,#love
800,user340,Throwback!,3084,425,913,2025-03-7,#fun
801,user45,New post!,6317,243,135,2025-03-10,#love
802,user418,Throwback!,8221,327,320,2025-03-11,#photooftheday
803,user40,Love this!,6206,396,795,2025-03-1,#fashion
804,user79,New post!,8348,419,7,2025-03-2,#fun
805,user455,Amazing day!,3053,336,86,2025-03-5,#instagood
806,user450,New post!,4554,320,557,2025-03-8,#fashion
807,user121,Check this out!,7613,374,40,2025-03-10,#instagood
808,user94,Throwback!,8876,302,193,2025-03-10,#love
809,user277,Throwback!,5468,315,355,2025-03-2,#photooftheday
810,user141,New post!,8457,375,500,2025-03-6,#fashion
811,user384,Amazing day!,548,293,654,2025-03-4,#photooftheday
812,user375,Amazing day!,9535,409,832,2025-03-10,#photooftheday
813,user308,Throwback!,4104,333,235,2025-03-12,#love
814,user274,Check this out!,2861,330,334,2025-03-7,#fun
815,user485,Amazing day!,235,311,179,2025-03-15,#love
816,user379,Love this!,7948,393,258,2025-03-11,#instagood
817,user393,Love this!,2188,301,429,2025-03-8,#instagood
818,user474,Check this out!,7245,381,680,2025-03-7,#photooftheday
819,user119,Love this!,9715,143,143,2025-03-5,#instagood
820,user397,Check this out!,5179,91,579,2025-03-10,#fun
821,user128,Check this out!,3306,327,261,2025-03-5,#fun
822,user310,Amazing day!,3467,257,793,2025-03-4,#fashion
823,user260,New post!,7975,239,686,2025-03-5,#instagood
824,user300,Love this!,1045,474,716,2025-03-5,#fashion
825,user116,Throwback!,5497,214,631,2025-03-14,#photooftheday
826,user230,Throwback!,4478,94,566,2025-03-11,#instagood
827,user140,Amazing day!,678,36,742,2025-03-14,#fun
828,user488,Throwback!,2748,215,906,2025-03-3,#instagood
829,user375,Throwback!,997,16,736,2025-03-7,#fashion
830,user490,Check this out!,5237,141,272,2025-03-14,#fun
831,user202,Amazing day!,4791,389,357,2025-03-5,#instagood
832,user224,Check this out!,3879,28,239,2025-03-13,#fun
833,user107,Throwback!,643,149,519,2025-03-12,#instagood
834,user280,Love this!,9962,463,112,2025-03-8,#fashion
835,user496,Amazing day!,7643,195,941,2025-03-2,#instagood
836,user409,Amazing day!,3764,97,658,2025-03-9,#fun
837,user276,New post!,3609,385,37,2025-03-7,#instagood
838,user393,Amazing day!,8316,122,80,2025-03-4,#instagood
839,user319,Love this!,8530,275,586,2025-03-11,#fashion
840,user406,Love this!,7203,70,411,2025-03-1,#instagood
841,user293,New post!,7163,247,428,2025-03-8,#fashion
842,user56,Love this!,7825,345,106,2025-03-5,#love
843,user497,New post!,4398,271,630,2025-03-3,#fun
844,user57,New post!,3796,191,94,2025-03-5,#photooftheday
845,user175,Love this!,3029,432,237,2025-03-12,#love
846,user173,Throwback!,2792,215,556,2025-03-6,#photooftheday
847,user329,Check this out!,8761,193,837,2025-03-14,#instagood
848,user222,New post!,5734,32,512,2025-03-5,#photooftheday
849,user94,New post!,1173,433,875,2025-03-4,#photooftheday
850,user91,New post!,4983,73,585,2025-03-14,#photooftheday
851,user475,New post!,1877,55,489,2025-03-4,#instagood
852,user438,Love this!,5599,411,559,2025-03-15,#love
853,user145,Amazing day!,6770,52,305,2025-03-14,#photooftheday
854,user462,Love this!,356,403,544,2025-03-3,#fun
855,user157,Love this!,5869,407,324,2025-03-7,#instagood
856,user224,New post!,5828,202,627,2025-03-8,#fun
857,user252,Amazing day!,4284,141,546,2025-03-7,#love
858,user410,Throwback!,4914,125,305,2025-03-6,#photooftheday
859,user424,Amazing day!,7789,79,193,2025-03-6,#fun
860,user42,Throwback!,5481,472,27,2025-03-4,#love
861,user459,Amazing day!,2394,455,331,2025-03-10,#love
862,user29,Love this!,50,349,197,2025-03-1,#love
863,user222,Love this!,6549,69,266,2025-03-3,#photooftheday
864,user403,Amazing day!,2170,96,147,2025-03-13,#fun
865,user15,Amazing day!,8746,22,439,2025-03-14,#fashion
866,user27,New post!,9486,469,644,2025-03-15,#love
867,user173,New post!,607,218,451,2025-03-12,#love
868,user123,Love this!,8765,38,595,2025-03-3,#instagood
869,user65,Amazing day!,9447,222,538,2025-03-10,#fashion
870,user253,Throwback!,7258,256,328,2025-03-1,#fun
871,user174,Love this!,8418,14,339,2025-03-7,#love
872,user172,Amazing day!,3692,41,487,2025-03-5,#photooftheday
873,user163,New post!,2723,394,277,2025-03-11,#photooftheday
874,user24,Throwback!,5529,235,411,2025-03-1,#instagood
875,user301,Amazing day!,6888,366,820,2025-03-7,#photooftheday
876,user48,Check this out!,2251,443,619,2025-03-9,#fashion
877,user358,New post!,2702,303,978,2025-03-15,#instagood
878,user282,Throwback!,8944,14,445,2025-03-13,#fun
879,user356,Throwback!,264,38,475,2025-03-4,#love
880,user367,Amazing day!,4504,258,863,2025-03-8,#photooftheday
881,user123,Throwback!,6498,477,521,2025-03-14,#fun
882,user380,Throwback!,2212,364,590,2025-03-4,#fun
883,user143,Check this out!,6452,4,748,2025-03-10,#fashion
884,user437,Check this out!,651,423,412,2025-03-9,#love
885,user262,Throwback!,975,110,250,2025-03-1,#fun
886,user215,Amazing day!,4296,469,551,2025-03-1,#instagood
887,user399,Love this!,1015,14,37,2025-03-6,#fashion
888,user189,New post!,1169,281,150,2025-03-8,#fun
889,user322,Check this out!,209,480,696,2025-03-2,#love
890,user454,Amazing day!,1207,454,337,2025-03-12,#love
891,user31,Check this out!,1806,291,300,2025-03-9,#fashion
892,user270,Check this out!,4386,289,670,2025-03-2,#instagood
893,user5,Throwback!,4875,159,646,2025-03-2,#fun
894,user380,Love this!,3352,177,898,2025-03-13,#fun
895,user384,Love this!,3329,329,739,2025-03-14,#fun
896,user65,Amazing day!,9409,330,334,2025-03-10,#fun
897,user268,Love this!,9928,276,656,2025-03-6,#instagood
898,user425,New post!,1287,339,471,2025-03-10,#fashion
899,user60,Throwback!,4832,283,211,2025-03-8,#photooftheday
900,user24,Check this out!,1656,192,483,2025-03-1,#photooftheday
901,user33,Amazing day!,2212,147,261,2025-03-5,#photooftheday
902,user229,New post!,3585,287,18,2025-03-4,#instagood
903,user412,New post!,276,196,172,2025-03-3,#fun
904,user232,Amazing day!,4834,310,251,2025-03-7,#love
905,user42,Throwback!,1906,383,703,2025-03-14,#instagood
906,user286,Amazing day!,8989,218,20,2025-03-14,#fun
907,user90,Throwback!,3642,461,234,2025-03-3,#instagood
908,user162,Amazing day!,4299,465,593,2025-03-4,#photooftheday
909,user466,New post!,469,170,832,2025-03-15,#love
910,user3,New post!,2639,13,475,2025-03-3,#fashion
911,user316,Love this!,250,44,40,2025-03-7,#fun
912,user425,Check this out!,5926,146,367,2025-03-13,#fashion
913,user63,Love this!,9976,421,24,2025-03-5,#fun
914,user41,Love this!,5011,75,252,2025-03-15,#fun
915,user233,Love this!,4623,394,285,2025-03-5,#fashion
916,user188,Love this!,7995,202,51,2025-03-3,#fun
917,user293,Love this!,4902,410,625,2025-03-9,#love
918,user458,Check this out!,1620,91,499,2025-03-10,#fashion
919,user259,Love this!,7242,416,304,2025-03-4,#photooftheday
920,user355,Throwback!,8353,473,402,2025-03-3,#fashion
921,user10,Amazing day!,4896,250,985,2025-03-9,#photooftheday
922,user453,New post!,596,269,980,2025-03-4,#fashion
923,user295,Amazing day!,875,238,567,2025-03-1,#photooftheday
924,user68,Check this out!,4724,258,858,2025-03-1,#fun
925,user89,New post!,6886,426,747,2025-03-8,#fashion
926,user380,Love this!,7987,195,315,2025-03-5,#fashion
927,user81,Love this!,4982,172,107,2025-03-2,#instagood
928,user268,Check this out!,3923,42,544,2025-03-12,#love
929,user68,Love this!,3116,481,851,2025-03-6,#fashion
930,user109,Amazing day!,5679,273,789,2025-03-10,#fashion
931,user286,Love this!,6547,224,24,2025-03-1,#fun
932,user152,Check this out!,2043,111,675,2025-03-4,#love
933,user96,Check this out!,2157,300,927,2025-03-2,#fashion
934,user353,Amazing day!,69,219,178,2025-03-11,#fashion
935,user429,New post!,9550,195,194,2025-03-2,#photooftheday
936,user347,Amazing day!,9104,89,209,2025-03-6,#fun
937,user116,Throwback!,5976,491,79,2025-03-5,#instagood
938,user208,Check this out!,3376,316,603,2025-03-11,#photooftheday
939,user159,Check this out!,136,401,960,2025-03-7,#instagood
940,user318,Amazing day!,4039,162,447,2025-03-13,#instagood
941,user306,Throwback!,5812,455,258,2025-03-14,#fashion
942,user444,New post!,5600,161,143,2025-03-7,#instagood
943,user293,Throwback!,1176,122,87,2025-03-13,#instagood
944,user416,Love this!,4703,479,321,2025-03-4,#fun
945,user78,Love this!,680,148,688,2025-03-12,#instagood
946,user437,Throwback!,7321,138,703,2025-03-13,#fashion
947,user243,Throwback!,2647,153,609,2025-03-11,#fun
948,user105,Throwback!,3949,207,503,2025-03-9,#instagood
949,user337,Check this out!,69,22,105,2025-03-12,#instagood
950,user90,Throwback!,1519,317,121,2025-03-11,#love
951,user126,Throwback!,9501,476,764,2025-03-10,#love
952,user131,New post!,8143,176,187,2025-03-1,#fun
953,user445,Amazing day!,3830,328,307,2025-03-14,#photooftheday
954,user210,Love this!,5413,105,728,2025-03-4,#fun
955,user51,New post!,5086,244,506,2025-03-5,#instagood
956,user264,Amazing day!,2484,16,653,2025-03-1,#fun
957,user318,Love this!,3344,19,694,2025-03-3,#love
958,user138,New post!,1809,249,974,2025-03-8,#fashion
959,user127,Throwback!,2685,61,686,2025-03-5,#instagood
960,user253,Love this!,7976,450,876,2025-03-6,#love
961,user302,Love this!,5121,63,985,2025-03-11,#love
962,user477,New post!,2330,100,617,2025-03-8,#fashion
963,user345,Amazing day!,4376,342,356,2025-03-7,#love
964,user133,Amazing day!,3598,159,366,2025-03-14,#instagood
965,user225,Love this!,4933,294,1,2025-03-4,#instagood
966,user86,Throwback!,9949,47,271,2025-03-3,#love
967,user49,Throwback!,4096,398,676,2025-03-4,#instagood
968,user33,Check this out!,232,141,576,2025-03-13,#fashion
969,user22,Amazing day!,9355,473,958,2025-03-6,#fashion
970,user33,Love this!,9644,388,17,2025-03-6,#fun
971,user312,Amazing day!,6725,481,395,2025-03-11,#love
972,user420,Love this!,2656,146,684,2025-03-6,#fashion
973,user296,New post!,6954,367,272,2025-03-3,#fashion
974,user125,Throwback!,7935,151,454,2025-03-14,#fun
975,user469,Amazing day!,9532,51,492,2025-03-12,#fashion
976,user259,New post!,6519,46,120,2025-03-9,#instagood
977,user446,New post!,843,172,1000,2025-03-14,#love
978,user202,Amazing day!,120,276,987,2025-03-9,#photooftheday
979,user402,Love this!,9895,101,303,2025-03-14,#love
980,user483,Throwback!,8860,75,216,2025-03-15,#love
981,user214,Love this!,836,248,296,2025-03-4,#fashion
982,user282,Throwback!,9950,235,807,2025-03-11,#love
983,user400,Check this out!,1526,289,307,2025-03-6,#love
984,user410,Check this out!,2175,50,563,2025-03-2,#love
985,user143,Check this out!,5348,394,762,2025-03-13,#fashion
986,user354,Check this out!,3809,457,39,2025-03-13,#instagood
987,user39,Amazing day!,4606,422,480,2025-03-13,#fun
988,user281,New post!,1635,65,695,2025-03-12,#fun
989,user136,Amazing day!,4182,201,840,2025-03-5,#fashion
990,user207,Throwback!,9530,238,45,2025-03-6,#instagood
991,user345,Love this!,1742,234,681,2025-03-4,#love
992,user267,New post!,2272,340,31,2025-03-9,#instagood
993,user343,Throwback!,7899,296,442,2025-03-10,#love
994,user78,Throwback!,9967,176,395,2025-03-11,#fashion
995,user144,Love this!,5600,7,453,2025-03-15,#photooftheday
996,user427,Check this out!,2709,382,16,2025-03-11,#photooftheday
997,user473,Check this out!,3458,436,790,2025-03-9,#love
998,user68,Throwback!,5842,23,460,2025-03-7,#fashion
999,user457,Throwback!,6024,330,273,2025-03-9,#fun
1000,user183,Amazing day!,2106,321,702,2025-03-3,#fun
